name,color
2007scape,#A9F279
3DS,#A9F2DA
3Dprinting,#DA79F2
49ers,#79DADA
4chan,#DA7979
ACTrade,#F2DADA
ADHD,#A9DADA
AFL,#A9DADA
AMA,#79A9F2
Accounting,#DADAF2
AdoptMyVillager,#DAF279
Advice,#A979A9
AdviceAnimals,#F2DADA
AgMarketplace,#A9F2A9
AgainstGamerGate,#F2DADA
Agario,#F2DAA9
AirForce,#F2DA79
Aleague,#A9F2DA
Amd,#DA79A9
AmiiboCanada,#F2A9DA
AnaheimDucks,#F2DAA9
Anarchism,#F2A9F2
Anarcho_Capitalism,#A9F2A9
Android,#79F2DA
AndroidGaming,#F2DAF2
AndroidMasterRace,#DAA9DA
AndroidQuestions,#F279F2
AndroidWear,#F2DADA
AnimalCrossing,#A9F279
Animesuggest,#F2DAA9
Anxiety,#A9F279
ApocalypseRising,#DAA979
AppleWatch,#A979DA
Aquariums,#F2F2A9
Art,#DADA79
AsTheClockTurns,#F2A9DA
AsianBeauty,#A9DAA9
AsiansGoneWild,#A9DAF2
AskCulinary,#DAA9DA
AskDocs,#A9F279
AskHistorians,#F2A9DA
AskMen,#A9DAF2
AskReddit,#DAA9A9
AskScienceFiction,#A9F2DA
AskUK,#F2A9A9
AskWomen,#79F2A9
Assistance,#79A9F2
Astros,#DA79A9
Atlanta,#DAF2F2
AtlantaHawks,#DADA79
Austin,#A9A9F2
Autos,#A9F2A9
BABYMETAL,#79DAA9
BDSMcommunity,#79DAF2
BF_Hardline,#79A9F2
BMW,#79F279
BabyBumps,#797979
Bad_Cop_No_Donut,#A9DADA
BakaNewsJP,#DAA9A9
Barca,#DADAF2
BasicIncome,#7979A9
Bass,#F2F2A9
Battlefield_4_CTE,#DAF2A9
BigBrother,#F279F2
Bitcoin,#79A9DA
BitcoinMarkets,#7979A9
BlackPeopleTwitter,#79DAF2
Borderlands,#A9A9DA
Boxing,#A9F2DA
Bravenewbies,#A9F2F2
Braves,#F2F2DA
Brewers,#79F279
Briggs,#A9A9F2
Browns,#DA79A9
Buddhism,#A9DAA9
Buttcoin,#F2F2F2
CCW,#F2DADA
CFB,#F279A9
CFBOffTopic,#DAF279
CHIBears,#79F2A9
CHICubs,#A9DA79
CLG,#F2A9F2
Calgary,#A9F279
CalgaryFlames,#A979F2
CampHalfBloodRP,#DAF2F2
CanadaPolitics,#7979DA
CarAV,#79A9A9
Cardinals,#F2F2F2
CasualConversation,#F2A9A9
CasualPokemonTrades,#DAA9A9
Catholicism,#F2A979
CatsStandingUp,#DAF2DA
Celebs,#A9A9F2
Chargers,#F2A9A9
China,#F2A979
Christianity,#DA79F2
CitiesSkylines,#F2DADA
Civcraft,#A9F279
CivilizatonExperiment,#7979A9
ClashOfClans,#F27979
ClickerHeroes,#79F2DA
CoDCompetitive,#DAA9A9
CodAW,#79F2F2
Coffee,#DA79A9
CollegeBasketball,#F2DAA9
Colts,#DAF2DA
CombatFootage,#A9DAF2
CompetitiveHS,#F279A9
Conservative,#79A9F2
Cooking,#A9A9F2
CoonTown,#A9A9F2
CrappyDesign,#79A979
CrazyIdeas,#7979F2
Cricket,#7979A9
CringeAnarchy,#79DAA9
CruciblePlaybook,#DADA79
CrusaderKings,#A9DAA9
Cubers,#79A9F2
Cyberpunk,#79A9F2
Cynicalbrit,#F2DAA9
DCcomics,#F2A9DA
DFO,#7979DA
DIY,#DADA79
DIY_eJuice,#DA7979
Dallas,#A9DAF2
DarkNetMarkets,#F2A979
DarkSouls2,#F2F2DA
DaystromInstitute,#797979
DeadBedrooms,#7979F2
DebateAChristian,#DAF279
DebateAnAtheist,#A9DA79
DebateReligion,#DADAA9
Denmark,#F27979
Denver,#A979A9
DestinyTheGame,#DAF2F2
DetroitRedWings,#7979DA
Diablo,#F2F2A9
DnD,#A9DADA
DnDBehindTheScreen,#DADA79
Documentaries,#DA79DA
Dodgers,#A9A9A9
DoesAnybodyElse,#7979DA
DotA2,#DAA9A9
Dota2Trade,#F2DAA9
Drugs,#A9DAA9
EDC,#F279A9
EDH,#DA79F2
EarthPorn,#7979F2
EatCheapAndHealthy,#DA79F2
Economics,#A979F2
Edmonton,#F279F2
ElectricForest,#A9DADA
EliteDangerous,#DADAF2
EmeraldPS2,#A979F2
EngineeringStudents,#DAA9DA
EnoughLibertarianSpam,#A9F2DA
Entrepreneur,#79DADA
Eve,#DA79A9
EvolveGame,#DAA9F2
FFRecordKeeper,#7979F2
FIFA,#F279F2
FNaFb,#F2F2DA
Fallout,#A9A9F2
FanTheories,#A9F2DA
Fantasy,#F2A9F2
FifaCareers,#F2F279
FiftyFifty,#79DADA
Filmmakers,#F2A9DA
FinalFantasy,#79DAF2
Firearms,#79F279
Fireteams,#DADAF2
Fishing,#79DADA
Fitness,#F279F2
FixedGearBicycle,#A9DADA
FlashTV,#F2DAF2
Flipping,#79F2DA
FoodPorn,#A9DAF2
ForeverAlone,#79F2DA
Frozen,#DAF279
Frugal,#A979DA
FutureFight,#A9A9F2
Futurology,#F2F2DA
GTAV,#F2DAA9
GalaxyS6,#DAF279
GameDeals,#F279DA
GameSale,#DA79F2
GamerGhazi,#79F2A9
Games,#F2F2A9
GetFairShare,#7979F2
GetMotivated,#F2A9A9
GiftofGames,#79A9A9
GirlGamers,#F2F2A9
GlobalOffensive,#F2F2F2
GlobalOffensiveTrade,#F2F2F2
GoneMild,#7979DA
GoneWildPlus,#DAA9A9
GrandTheftAutoV,#F2A979
GrandTheftAutoV_PC,#7979A9
GreenBayPackers,#F2F2A9
GuessTheMovie,#F279A9
Guildwars2,#79DAF2
Guitar,#F2A979
Gunners,#F27979
Gunpla,#DAA9A9
HFY,#797979
HITsWorthTurkingFor,#DADA79
Habs,#F279A9
HaloOnline,#F2F2DA
HappyWars,#F279A9
HeistTeams,#A9A9DA
HistoryPorn,#A97979
HomeImprovement,#DAF2A9
Homebrewing,#A97979
IAmA,#79A9F2
INDYCAR,#DAA979
INTP,#79A9DA
ImGoingToHellForThis,#7979A9
Indiemakeupandmore,#A9F2DA
Ingress,#DA79F2
InternetIsBeautiful,#79A9A9
IronThronePowers,#A9A9F2
Israel,#79F2F2
Jeep,#A9A9F2
Jokes,#A9F2A9
JonTron,#DAF279
Judaism,#7979F2
JurassicPark,#F27979
JusticePorn,#7979F2
Justrolledintotheshop,#7979A9
KCRoyals,#DAF279
Kappa,#79A979
KerbalSpaceProgram,#79F279
KitchenConfidential,#79A9DA
KotakuInAction,#79A9F2
LAClippers,#F279A9
LGG3,#DAF279
LSD,#A9F279
LearnJapanese,#A9F2F2
LetsNotMeet,#7979A9
Libertarian,#79DADA
LifeProTips,#A979DA
LightNovels,#79F279
LiverpoolFC,#7979DA
LosAngeles,#DAA9DA
MGTOW,#DADAA9
MHOC,#A9A979
MLBTheShow,#A9DAF2
MLPLounge,#A9DA79
MLS,#79A979
MMA,#79DA79
MMORPG,#79DADA
MTB,#79A9A9
MURICA,#F2F2A9
MaddenMobileForums,#DAF2A9
MaddenUltimateTeam,#DADAF2
MakeupAddiction,#A9F279
MapPorn,#DA79F2
Maplestory,#7979A9
Mariners,#F2A979
Marvel,#A9A9F2
MechanicAdvice,#79A979
MechanicalKeyboards,#A9F279
Meditation,#DAA979
Megaten,#DAA9DA
MensRights,#A9DAF2
Metal,#A97979
Metalcore,#A979DA
Miata,#F27979
Military,#DADADA
MilitaryPorn,#DAF2A9
Minecraft,#F279DA
ModernMagic,#7979F2
MonarchyOfEquestria,#DA79DA
MonsterHunter,#F2F2DA
Monstercat,#A9DADA
MorbidReality,#DA79F2
MortalKombat,#F2F279
MotoX,#DAA9A9
MtF,#DAA9A9
Multicopter,#79A9A9
Muse,#F279DA
Music,#7979F2
Mustang,#DA79F2
MvC3,#79DAF2
NASCAR,#DAF2F2
NBA2k,#A9DAA9
NHLHUT,#F2F2DA
NSFW_GIF,#F2A9A9
NYYankees,#F2A9F2
Naruto,#F2F2A9
Nationals,#DADAA9
NeoFAG,#79F2A9
NetflixBestOf,#DADAA9
Netrunner,#F2F2F2
Neverwinter,#A9A9F2
NewMarvelRp,#DA79F2
NewOrleans,#A9F2DA
NewYorkMets,#F279DA
Nexus5,#DAA9DA
NoFap,#79DAF2
NoMansSkyTheGame,#A9DADA
NoStupidQuestions,#F2A979
Nootropics,#A9F2DA
OaklandAthletics,#DADA79
OkCupid,#F279A9
OldSchoolCool,#F2F2F2
OnePiece,#DADAF2
OnePieceTC,#79F2A9
OpTicGaming,#F2A979
OutOfTheLoop,#F2A979
OutreachHPG,#7979DA
PKA,#A979DA
PS4,#A9A979
Padres,#DAF2F2
Parenting,#A9A9F2
Pathfinder_RPG,#F279DA
Patriots,#F2DAF2
PercyJacksonRP,#A979A9
PersonalFinanceCanada,#F2A9A9
PetiteGoneWild,#A979A9
Philippines,#F2DAF2
PhotoshopRequest,#79DA79
PictureGame,#A9F2DA
Planetside,#79F279
PokemonForAll,#DA79F2
PokemonPlaza,#F2A9DA
Pokemongiveaway,#A9F279
PoliticalDiscussion,#79F279
Portland,#F279DA
PotterPlayRP,#F2DADA
PrettyLittleLiars,#F2F279
ProgrammerHumor,#DAF279
ProtectAndServe,#79DADA
Psychonaut,#F279A9
PublicFreakout,#F2DAA9
PurplePillDebate,#F2A9DA
PuzzleAndDragons,#DAF279
Quebec,#F2F279
RWBY,#A9F2A9
Rabbits,#DAF2F2
RandomActsOfGaming,#DADAA9
Random_Acts_Of_Amazon,#DA7979
RateMyMayor,#A9F2F2
Rateme,#7979F2
RealEstate,#797979
RealGirls,#DADAF2
Reds,#F27979
Repsneakers,#A9DA79
RiotFreeLoL,#DAF2F2
Roadcam,#DAF279
Robocraft,#A979DA
Romania,#DADA79
SFGiants,#DADADA
SSBM,#DADA79
SSBPM,#79F279
SVExchange,#A9DAF2
SandersForPresident,#DAA9DA
ScenesFromAHat,#DAA979
SchoolIdolFestival,#A979F2
Scotland,#DAF279
Screenwriting,#DAA9DA
Seahawks,#A9DAA9
Seattle,#A979F2
ShitAmericansSay,#7979F2
ShitRedditSays,#7979A9
Shitty_Car_Mods,#F2A9F2
Showerthoughts,#79A979
SiliconValleyHBO,#DAA9A9
Silverbugs,#DAF2F2
SkincareAddiction,#A9F2F2
Smite,#DADADA
Sneakers,#DAF279
Spiderman,#F27979
SquaredCircle,#79DAA9
StarWars,#F2DA79
StarWarsBattlefront,#79F2F2
StardustCrusaders,#F2F279
Steam,#A9F2A9
SteamGameSwap,#F2A9DA
Steroidsourcetalk,#F2A9F2
StreetFighter,#797979
SubredditDrama,#79DADA
SuggestALaptop,#DA79DA
SuicideWatch,#DAF2DA
Suomi,#A9DAA9
Supernatural,#F27979
SupersRP,#A9DAA9
Surface,#A9A9DA
TACSdiscussion,#F279A9
TagPro,#79DAA9
TalesFromRetail,#DADAA9
TampaBayLightning,#DADA79
TapTitans,#F2A9A9
TeamRedditTeams,#DAF2DA
TeraOnline,#A979DA
Terraria,#A9A979
Texans,#79A9DA
TexasRangers,#79F2A9
TheBluePill,#F2F2DA
TheDescendantsOfRome,#F2A9DA
TheLastAirbender,#F279F2
TheRedPill,#A9DAF2
TheSimpsons,#A979F2
Tinder,#79F2DA
TokyoGhoul,#A979A9
Toonami,#79DAF2
Toontown,#DAF279
TopGear,#DAA9A9
Torontobluejays,#F2DAF2
TrollXChromosomes,#F2DAF2
TrollYChromosome,#F2A9DA
Trucks,#A9F2A9
TrueAtheism,#F27979
TrueReddit,#DAF2F2
TumblrInAction,#DA7979
Turkey,#A9A9A9
Twitch,#DAA9F2
TwoBestFriendsPlay,#79F2F2
TwoXChromosomes,#A97979
UHCMatches,#A9A9DA
UkrainianConflict,#79F2F2
Unexpected,#DAA9DA
Unity3D,#F279DA
UnresolvedMysteries,#DAF2F2
UpliftingNews,#F2F2DA
Vaping,#79F2F2
WTF,#F2A9A9
WaltDisneyWorld,#F2F279
Warframe,#DA79A9
Warhammer,#A9F2A9
Warhammer40k,#DAA9F2
Warthunder,#79DADA
Watches,#A979A9
WeAreTheMusicMakers,#F2DAA9
Weakpots,#79F2DA
Wet_Shavers,#A979F2
Whatcouldgowrong,#A9A979
WildStar,#79DAF2
Windows10,#79A9A9
Winnipeg,#79F2DA
Wishlist,#DAF279
WorldOfWarships,#79F2DA
WorldofTanks,#DAA9DA
WouldYouRather,#DAA9F2
WritingPrompts,#DADA79
XMenRP,#A9A9A9
XWingTMG,#F2A979
Xcom,#DAF2DA
YamakuHighSchool,#7979F2
Yogscast,#A9F2F2
YouShouldKnow,#A9DAF2
actuallesbians,#DA79DA
acturnips,#A9A9F2
adventuretime,#DADADA
airsoft,#F2DAF2
alberta,#F2DAF2
amateurradio,#79A9A9
amiibo,#7979F2
amiiboSwap,#DADAF2
amiugly,#A9A9A9
androidapps,#A9F2F2
androidcirclejerk,#79A9F2
anime,#F2F2DA
announcements,#A9A9DA
apple,#79A979
ar15,#7979A9
arabs,#7979A9
archeage,#F2A979
argentina,#797979
arma,#DAF2F2
army,#79A979
arrow,#DA79DA
askcarsales,#79F2DA
askgaybros,#F2A9F2
askphilosophy,#A979DA
askscience,#A9F2A9
asktransgender,#F2DA79
asktrp,#DAA9A9
asoiaf,#DADA79
aspergers,#79A979
assassinscreed,#DA79A9
asstastic,#DAA9DA
atheism,#A9A979
audioengineering,#F2DA79
audiophile,#A9A9F2
australia,#F2F2F2
aviation,#7979DA
aww,#79F2F2
badeconomics,#7979A9
badhistory,#79F279
badphilosophy,#7979DA
baltimore,#A9DADA
baseball,#79DA79
batman,#DA7979
battlefield_4,#F2DA79
battlestations,#79F2DA
beards,#DA79DA
beer,#F2F2DA
beermoney,#F2F2DA
beertrade,#DAA9F2
belgium,#DA79DA
bestof,#DA79F2
beyondthebump,#A9F2DA
bicycling,#79DAF2
bigdickproblems,#79A9DA
bindingofisaac,#79DA79
bipolar,#F27979
bjj,#F2F2F2
blackdesertonline,#DAA9A9
blackops3,#A9DA79
bleach,#DADAF2
blog,#79DA79
bloodborne,#DADADA
boardgames,#A979F2
bodybuilding,#A9F2A9
bodyweightfitness,#A9DAF2
bonnaroo,#DADAF2
books,#DAF279
borussiadortmund,#DAF2A9
boston,#79A979
brasil,#A9F279
bravefrontier,#DAA9F2
breakingmom,#F2F279
brisbane,#7979F2
britishproblems,#A979A9
buccos,#F2F2F2
buildapc,#F2DAA9
buildapcforme,#797979
buildapcsales,#A9A9F2
business,#79A9DA
calibrations,#79F2DA
canada,#F2DAA9
canucks,#A9F2DA
caps,#A9F279
carporn,#DADAA9
cars,#79A9DA
casualiama,#A9DADA
cats,#79F2F2
changemyview,#DAF2A9
chelseafc,#797979
chess,#7979A9
chicago,#7979A9
chicagobulls,#79F2A9
childfree,#79DADA
chiliadmystery,#F2A9F2
churning,#F2F2A9
cigars,#79DAA9
circlejerk,#F279DA
civ,#A97979
clevelandcavs,#A9DAA9
climbing,#F2DAA9
comicbooks,#F2DADA
comics,#A9DADA
community,#A9F2DA
confession,#79DADA
conspiracy,#F2F2A9
cordcutters,#79DAA9
counting,#F2A9DA
cowboys,#F2DAA9
coys,#A9A9DA
creepy,#7979A9
creepyPMs,#F2A9DA
cringe,#79DADA
cringepics,#DAF2DA
cripplingalcoholism,#DAF2A9
croatia,#A9DAA9
crochet,#DAF2F2
crossfit,#797979
crusadersquest,#F2A9DA
cscareerquestions,#A9F279
csgobetting,#DADAF2
darksouls,#A9F279
dataisbeautiful,#7979DA
dating_advice,#79A9A9
dayz,#79DA79
dbz,#A9F2DA
de,#79A979
deathgrips,#79DADA
depression,#DADAF2
diablo3,#DA79A9
dirtykikpals,#797979
dirtypenpals,#79A9A9
discgolf,#797979
dndnext,#A9F2DA
dogecoin,#F2DA79
dogs,#A9DA79
dota2loungebets,#7979A9
dragonage,#A9F2DA
drums,#F2DA79
drunk,#79DADA
dwarffortress,#DADA79
eagles,#A979DA
ecigclassifieds,#A9F2DA
ecr_eu,#F27979
edmproduction,#DADAA9
elderscrollsonline,#F2A979
electricdaisycarnival,#DAF2A9
electronic_cigarette,#A9DA79
electronicmusic,#79F2F2
ems,#A9A979
engineering,#F2DADA
eu4,#F2A9DA
europe,#7979A9
eurovision,#DADA79
everquest,#A9DAA9
excel,#DADAA9
exjw,#79F2F2
exmormon,#A979F2
exmuslim,#7979DA
explainlikeimfive,#F279A9
facepalm,#A97979
fairytail,#A9DAA9
fakeid,#DA7979
fantasybaseball,#F2F2DA
fantasyfootball,#797979
fatestaynight,#A9F2F2
fatlogic,#A979F2
fatpeoplehate,#F279A9
fatpeoplestories,#DAA9DA
feedthebeast,#A9DAA9
femalefashionadvice,#DAF2F2
ffxiv,#DAF2A9
financialindependence,#F2DA79
fireemblem,#DA79A9
fireemblemcasual,#DAF279
fitnesscirclejerk,#7979A9
fivenightsatfreddys,#A9F279
flying,#DADAF2
food,#DA79A9
footballmanagergames,#F2A9F2
formula1,#79DAF2
forwardsfromgrandma,#A9DADA
fountainpens,#DADADA
france,#F2F279
freedonuts,#7979DA
freefolk,#A9A9F2
friendsafari,#F27979
frugalmalefashion,#A9DAA9
ftm,#A9DAF2
funhaus,#A97979
funny,#A9F279
furry,#DA79A9
gadgets,#F279F2
gainit,#DADA79
gallifrey,#DAF279
gamecollecting,#79DADA
gamedev,#79A9DA
gamegrumps,#A9DA79
gameofthrones,#79DAA9
gameswap,#F2F2A9
gaming,#79A979
gardening,#F2F279
gaybros,#DADA79
gentlemanboners,#A9A9DA
germany,#F27979
getdisciplined,#79DAA9
gifs,#DAF279
golf,#A9F2F2
gonewild,#DADADA
gonewildaudio,#A979A9
gonewildcurvy,#A9F279
goodyearwelt,#79A9F2
gravityfalls,#79F2A9
gtaonline,#A979DA
guitarpedals,#F2A9DA
guns,#DAA9F2
h1z1,#DAA9DA
halifax,#79DA79
halo,#79DAA9
hardware,#DA7979
hardwareswap,#F2A9F2
harrypotter,#DA79F2
havoc_bot,#F2F2F2
hawks,#DAF279
hcfactions,#DADA79
hcteams,#A9F2F2
headphones,#A9DAA9
hearthstone,#DA7979
heroesofthestorm,#A9F279
hiphopheads,#DAA9F2
history,#F2F2A9
hockey,#DA79DA
holdmybeer,#A979A9
homestuck,#7979DA
hookah,#79F2A9
horror,#DADADA
houston,#F2F279
howardstern,#A9F2F2
iOSthemes,#F2A9F2
iamverysmart,#F2DADA
im14andthisisdeep,#F2DA79
india,#DAF2A9
indieheads,#DAA9A9
indonesia,#F2F2F2
interestingasfuck,#F2A979
intj,#DAA9F2
investing,#79F279
iphone,#DA79F2
ireland,#A9F2F2
islam,#DA79A9
italy,#F2F2A9
jailbreak,#79DA79
japan,#A9A9F2
japanlife,#79A9DA
jobs,#A9F2F2
justneckbeardthings,#7979A9
kancolle,#A9DADA
kansascity,#A97979
keto,#F2F2F2
killingfloor,#DADAF2
knifeclub,#F2A9DA
knives,#DA79A9
kohi,#DAA9F2
korea,#79A979
kpop,#79DAF2
ladybonersgw,#79A979
lakers,#DA79DA
leafs,#A9A9A9
leagueoflegends,#F2DA79
learndota2,#DADA79
learnprogramming,#F2DADA
legaladvice,#79A9DA
lego,#7979A9
letsplay,#79A9DA
lewronggeneration,#A9A9F2
lgbt,#79A979
lifehacks,#F2F2DA
lifeisstrange,#79A9A9
linux,#DA79DA
linuxmasterrace,#A9F2DA
listentothis,#7979F2
london,#F2A979
longboarding,#F2DAA9
loseit,#79DADA
lostgeneration,#A979A9
mac,#79A9F2
madmen,#DA79DA
magicTCG,#F279DA
makeupexchange,#DAA9DA
makinghiphop,#79F2DA
malefashionadvice,#79DAF2
manga,#79F2F2
marvelheroes,#79F2A9
marvelstudios,#A9F279
masseffect,#79A9A9
math,#A97979
me_irl,#A9DAF2
mechmarket,#7979A9
medicalschool,#A979DA
medicine,#DA79F2
melbourne,#A9F2A9
metalgearsolid,#7979DA
mexico,#F2A9A9
miamidolphins,#7979DA
microgrowery,#DA79F2
mildlyinfuriating,#A9A979
mildlyinteresting,#F2A9F2
millionairemakers,#A979A9
mindcrack,#F2DAA9
minecraftsuggestions,#F2DA79
minnesotatwins,#F279DA
minnesotavikings,#F2A9F2
monsterhunterclan,#DAA979
montreal,#A9A9F2
motorcitykitties,#DADA79
motorcycles,#A9A9DA
movies,#79DAF2
mylittlepony,#DADA79
nba,#DADADA
neopets,#DAA979
nerdcubed,#F2A9A9
networking,#F2A9F2
news,#A9A9A9
newsokur,#A979A9
newzealand,#F279A9
nexus6,#F279A9
nfl,#79DAF2
niceguys,#F2A9DA
nintendo,#A979F2
nononono,#A9F2A9
nonononoyes,#7979DA
northernireland,#DAF2A9
nosleep,#A9F2A9
nostalgia,#79DA79
nottheonion,#F2DADA
nrl,#F2DAF2
nsfw,#A9A979
nursing,#A9DADA
nyc,#DADAA9
nyjets,#DAA9F2
oaklandraiders,#F2A9F2
occult,#F2F2F2
oculus,#A9DADA
oddlysatisfying,#DAA9A9
offbeat,#DA79A9
offmychest,#F2A9DA
oneplus,#F279DA
onewordeach,#A9DA79
opiates,#DAF279
opieandanthony,#79DAA9
orioles,#A9DAF2
osugame,#F2F2F2
ottawa,#79A9DA
paintball,#F2F279
paradoxplaza,#79F279
pathofexile,#A9DADA
patientgamers,#A979A9
paydaytheheist,#DA7979
pcars,#F2A979
pcgaming,#79A9F2
pcmasterrace,#F2F2A9
pebble,#79A9DA
peloton,#DAF2DA
personalfinance,#7979A9
pettyrevenge,#797979
philadelphia,#7979A9
philosophy,#79F2F2
photography,#F2DA79
photoshopbattles,#F27979
picrequests,#DAF279
pics,#F2DA79
pittsburgh,#DA79A9
playrust,#A9A979
ploungeafterdark,#A9DADA
podemos,#DA79DA
pokemon,#F27979
pokemontrades,#79F2A9
poker,#F2DAA9
polandball,#F2A9DA
politics,#A9F2A9
popping,#7979A9
portugal,#DA79DA
premed,#79F2DA
programming,#7979DA
progresspics,#A979A9
promos,#A9A9DA
punchablefaces,#79F2A9
pussypassdenied,#7979DA
quityourbullshit,#A9A9DA
r4r,#79DA79
rage,#DADAA9
raisedbynarcissists,#DAF279
randomactsofamazon,#DA79DA
randomactsofcsgo,#A9F2F2
randomsuperpowers,#79DA79
rangers,#F2DADA
raspberry_pi,#79A9F2
ravens,#F2F2A9
rawdenim,#A9DADA
reactiongifs,#DADAA9
realmadrid,#A979F2
reddevils,#F279A9
redditgetsdrawn,#DADADA
redsox,#F2A9F2
relationship_advice,#F279F2
relationships,#F279F2
rocketbeans,#A97979
rockets,#A979F2
roosterteeth,#F2A9A9
rpdrcirclejerk,#DAA9DA
rpg,#79F2A9
rugbyunion,#79DADA
rule34,#A9DA79
runescape,#7979DA
running,#A9DAA9
rupaulsdragrace,#F2A9A9
russia,#F2A979
rva,#A9F2A9
rwbyRP,#DAF2A9
sandiego,#79DAA9
sanfrancisco,#A9DADA
science,#A9DAA9
scifi,#79F279
seduction,#A9DAA9
self,#A9DA79
serialpodcast,#DAA9F2
sex,#DA79DA
shield,#79A9F2
shittyaskscience,#F2F279
shittyfoodporn,#A9F2A9
singapore,#79DAA9
skateboarding,#79DAF2
skeptic,#797979
skyrim,#A9F279
skyrimmods,#F27979
smashbros,#DAF2A9
smashcirclejerk,#F2DAA9
soccer,#F279A9
soccerspirits,#A9A979
socialism,#A9F2DA
space,#A9DAA9
spaceengineers,#79A9A9
spacex,#A9DADA
spikes,#F2F279
splatoon,#F2A9DA
sports,#F279F2
sportsbook,#DA79F2
starbucks,#DADA79
starcitizen,#DADADA
starcraft,#DAA979
startrek,#F2F2DA
startups,#DAF279
starwarstrader,#79DAA9
steelers,#F2A9F2
steroids,#F279DA
stevenuniverse,#DADADA
sto,#F2F2DA
stopdrinking,#DAA9F2
streetwear,#F2A979
subaru,#A9DADA
summonerschool,#A97979
summonerswar,#A9DAF2
supremeclothing,#F2A979
surfing,#A9F279
survivor,#F2A979
sweden,#A9F2DA
swtor,#A9A9F2
sydney,#DAA9A9
synthesizers,#F2F2F2
syriancivilwar,#DA7979
sysadmin,#79F279
talesfromtechsupport,#F279F2
tall,#F2A9DA
tattoos,#79F2DA
technology,#F2A9A9
techsupport,#F2A9DA
techsupportgore,#A9DAF2
teenagers,#7979DA
television,#F279A9
tennis,#A9DA79
teslamotors,#F279A9
teslore,#DA79F2
test,#79F279
texas,#F2F279
tf2,#A9A9F2
thatHappened,#DAF279
thebutton,#F2DAA9
thelastofusfactions,#79F2A9
thenetherlands,#A9F2A9
thewalkingdead,#A9DA79
tifu,#DAA9A9
tipofmytongue,#DAA9F2
tmobile,#A9F279
todayilearned,#7979DA
toronto,#F2DAF2
totalwar,#79DAF2
trackers,#A9A9A9
trap,#F2F2DA
trashy,#A97979
travel,#F2DADA
trees,#DAA9A9
truegaming,#DAA9A9
tumblr,#A9DAA9
twentyonepilots,#DAA979
twitchplayspokemon,#DAA979
ukpolitics,#DAA9F2
ukraina,#79DAA9
ultrahardcore,#79F2F2
unitedkingdom,#A979F2
vancouver,#7979F2
vaporents,#A9DADA
vegan,#A97979
vexillology,#DA79DA
videos,#A9A9A9
vinyl,#797979
vita,#A979A9
wallstreetbets,#F2F279
warriors,#A9DAF2
washingtondc,#79F2DA
watchpeopledie,#F279F2
web_design,#79F2A9
webdev,#DA79A9
weddingplanning,#79A979
weekendgunnit,#DADADA
whatisthisthing,#79A979
whatsthisbug,#79A9DA
whatsthisplant,#DA79A9
whitesox,#F2F2DA
whowouldwin,#F2A9F2
wicked_edge,#A9A9DA
wiiu,#797979
windowsphone,#F2F2DA
witcher,#DADA79
woahdude,#79A9F2
woodworking,#797979
worldbuilding,#A97979
worldnews,#DAA979
worldpolitics,#F2F2A9
worldpowers,#DA7979
wow,#A9A9DA
writing,#DA79DA
wsgy,#A97979
wwesupercard,#DADAF2
xboxone,#F279F2
xxfitness,#DAF2A9
xxketo,#A9A9A9
youtubehaiku,#F2A9DA
yugioh,#F2DAF2
zelda,#F27979
zen,#7979A9
